datetime,open,high,low,close
2025-05-05T00:00:00.000000,94230.2,94778.5,93445.1,93986.0
2025-05-05T12:00:00.000000,93986.1,95165.1,93559.6,94696.7
2025-05-06T00:00:00.000000,94696.7,94893.3,93662.2,93770.3
2025-05-06T12:00:00.000000,93770.3,96879.5,93327.0,96798.9
2025-05-07T00:00:00.000000,96798.9,97700.0,96153.2,97000.0
2025-05-07T12:00:00.000000,97000.0,97446.8,95718.5,96988.4
2025-05-08T00:00:00.000000,96988.4,99863.3,96831.5,99369.8
2025-05-08T12:00:00.000000,99369.9,104305.3,99050.1,103228.1
2025-05-09T00:00:00.000000,103228.0,104373.0,102327.9,102914.5
2025-05-09T12:00:00.000000,102914.5,103746.8,102240.0,102941.9
2025-05-10T00:00:00.000000,102941.9,104085.0,102784.0,103374.6
2025-05-10T12:00:00.000000,103374.7,105000.1,102940.0,104788.8
2025-05-11T00:00:00.000000,104788.8,104950.0,103283.3,104613.7
2025-05-11T12:00:00.000000,104613.7,104873.5,103502.4,104072.7
2025-05-12T00:00:00.000000,104072.7,105863.1,103550.0,103705.1
2025-05-12T12:00:00.000000,103705.0,104620.1,100678.0,102739.3
2025-05-13T00:00:00.000000,102739.3,103778.9,101400.0,103685.5
2025-05-13T12:00:00.000000,103685.5,104949.2,102762.9,104082.0
2025-05-14T00:00:00.000000,104082.0,104109.6,102815.0,103903.4
2025-05-14T12:00:00.000000,103903.3,104319.0,102536.0,103458.1
2025-05-15T00:00:00.000000,103458.1,103820.0,101433.0,102335.3
2025-05-15T12:00:00.000000,102335.3,104162.8,101270.8,103714.5
2025-05-16T00:00:00.000000,103714.2,104440.1,103062.3,103614.5
2025-05-16T12:00:00.000000,103614.6,104524.2,103300.0,103412.2
2025-05-17T00:00:00.000000,103412.2,103658.0,102541.6,102944.2
2025-05-17T12:00:00.000000,102944.1,103458.6,102591.0,103079.6
2025-05-18T00:00:00.000000,103079.5,104066.1,103052.2,103769.0
2025-05-18T12:00:00.000000,103769.0,106629.8,103217.2,106407.6
2025-05-19T00:00:00.000000,106407.5,107114.3,102038.8,102912.0
2025-05-19T12:00:00.000000,102912.1,105798.5,102088.9,105531.6
2025-05-20T00:00:00.000000,105531.5,106800.0,104808.6,105159.2
2025-05-20T12:00:00.000000,105159.3,107292.5,104115.2,106800.1
2025-05-21T00:00:00.000000,106800.0,107950.0,106037.9,106490.9
2025-05-21T12:00:00.000000,106490.9,110830.0,106085.3,109609.5
2025-05-22T00:00:00.000000,109609.6,111866.4,109153.4,110944.1
2025-05-22T12:00:00.000000,110944.0,111959.5,110492.8,111662.7
2025-05-23T00:00:00.000000,111662.6,111770.4,108816.0,109033.2
2025-05-23T12:00:00.000000,109033.2,109969.6,106721.9,107271.5
2025-05-24T00:00:00.000000,107271.6,109440.2,106836.0,109152.2
2025-05-24T12:00:00.000000,109152.2,109227.1,107394.7,107698.9
2025-05-25T00:00:00.000000,107699.0,108250.1,106653.0,107214.0
2025-05-25T12:00:00.000000,107214.0,109285.1,106497.0,108955.9
2025-05-26T00:00:00.000000,108956.0,110197.9,108616.6,109736.7
2025-05-26T12:00:00.000000,109736.6,110400.0,108807.0,109386.8
2025-05-27T00:00:00.000000,109386.8,109861.5,107438.0,109541.8
2025-05-27T12:00:00.000000,109541.9,110700.0,108533.5,108889.3
2025-05-28T00:00:00.000000,108889.2,109252.6,108178.1,108821.4
2025-05-28T12:00:00.000000,108821.3,109012.0,106723.9,107723.1
2025-05-29T00:00:00.000000,107723.1,108860.0,106877.4,108740.0
2025-05-29T12:00:00.000000,108740.0,108772.9,105054.2,105539.9
2025-05-30T00:00:00.000000,105539.9,106266.0,104521.0,105827.4
2025-05-30T12:00:00.000000,105827.4,105949.1,103555.0,103950.0
2025-05-31T00:00:00.000000,103949.9,104259.4,103032.1,103460.9
2025-05-31T12:00:00.000000,103460.9,104859.3,103444.4,104544.7
2025-06-01T00:00:00.000000,104544.6,104700.0,103704.1,104038.0
2025-06-01T12:00:00.000000,104038.0,105823.6,103708.6,105583.3
2025-06-02T00:00:00.000000,105583.3,105900.0,103867.8,104000.0
2025-06-02T12:00:00.000000,104000.1,105893.8,103600.6,105814.3
2025-06-03T00:00:00.000000,105814.4,106470.8,104822.4,105240.1
2025-06-03T12:00:00.000000,105240.1,106775.0,104969.4,105330.1
2025-06-04T00:00:00.000000,105330.1,105967.2,105039.1,105044.1
2025-06-04T12:00:00.000000,105044.2,105510.2,104111.7,104641.8
2025-06-05T00:00:00.000000,104641.8,105225.6,104321.2,104772.7
2025-06-05T12:00:00.000000,104772.7,105878.3,100305.1,101458.6
2025-06-06T00:00:00.000000,101458.7,103953.9,101003.4,103866.0
2025-06-06T12:00:00.000000,103865.9,105283.0,103471.4,104240.0
2025-06-07T00:00:00.000000,104240.1,105293.0,103800.1,105094.5
2025-06-07T12:00:00.000000,105094.5,105878.3,105094.4,105507.5
2025-06-08T00:00:00.000000,105507.5,105760.5,104927.4,105619.2
2025-06-08T12:00:00.000000,105619.2,106482.6,105450.0,105676.5
2025-06-09T00:00:00.000000,105676.5,107774.8,105253.2,107707.9
2025-06-09T12:00:00.000000,107707.8,110653.6,106800.3,110227.9
2025-06-10T00:00:00.000000,110228.0,110280.0,109010.2,109498.1
2025-06-10T12:00:00.000000,109498.0,110367.2,108282.0,110235.4
2025-06-11T00:00:00.000000,110235.4,110247.0,109133.8,109200.1
2025-06-11T12:00:00.000000,109200.1,110350.0,108001.2,108600.0
2025-06-12T00:00:00.000000,108600.1,108782.1,106830.0,106862.9
2025-06-12T12:00:00.000000,106862.9,108398.4,105602.0,105609.5
2025-06-13T00:00:00.000000,105609.4,105661.0,102614.0,104989.9
2025-06-13T12:00:00.000000,104990.0,106141.1,104069.5,106027.3
2025-06-14T00:00:00.000000,106027.3,106173.6,104738.7,105030.6
2025-06-14T12:00:00.000000,105030.5,105438.0,104225.4,105359.9
2025-06-15T00:00:00.000000,105359.8,106099.4,104812.2,104924.5
2025-06-15T12:00:00.000000,104924.6,105810.6,104399.9,105534.6
2025-06-16T00:00:00.000000,105534.7,107250.0,104920.0,106842.5
2025-06-16T12:00:00.000000,106842.6,108900.0,106446.6,106750.1
2025-06-17T00:00:00.000000,106750.1,107727.4,105461.4,105592.9
2025-06-17T12:00:00.000000,105592.9,105816.5,103300.0,104508.0
2025-06-18T00:00:00.000000,104508.0,105500.0,104111.4,104791.2
2025-06-18T12:00:00.000000,104791.1,105300.0,103426.1,104832.8
2025-06-19T00:00:00.000000,104832.8,105185.7,104364.5,104717.7
2025-06-19T12:00:00.000000,104717.8,104869.4,103870.3,104607.1
2025-06-20T00:00:00.000000,104607.1,106486.2,104185.3,105928.6
2025-06-20T12:00:00.000000,105928.7,106111.9,102255.3,103246.1
2025-06-21T00:00:00.000000,103246.1,103940.6,103067.7,103827.5
2025-06-21T12:00:00.000000,103827.5,103899.0,100789.9,102079.8
2025-06-22T00:00:00.000000,102079.8,103362.6,101781.8,102693.7
2025-06-22T12:00:00.000000,102693.7,102789.7,98115.4,100904.7
2025-06-23T00:00:00.000000,100904.7,102155.1,100425.6,101248.5
2025-06-23T12:00:00.000000,101248.4,106050.0,99547.6,105290.9
2025-06-24T00:00:00.000000,105291.0,105775.9,104570.8,105134.6
2025-06-24T12:00:00.000000,105134.5,106239.0,104750.0,106034.9
2025-06-25T00:00:00.000000,106034.9,107187.6,105755.6,107136.3
2025-06-25T12:00:00.000000,107136.3,108095.7,106700.0,107280.0
2025-06-26T00:00:00.000000,107280.1,108249.9,107041.4,107272.8
2025-06-26T12:00:00.000000,107272.8,107971.3,106500.0,106913.7
2025-06-27T00:00:00.000000,106913.8,107686.0,106345.2,106943.7
2025-06-27T12:00:00.000000,106943.7,107659.9,106313.1,107010.7
2025-06-28T00:00:00.000000,107010.6,107458.4,106767.0,107320.3
2025-06-28T12:00:00.000000,107320.2,107538.0,107039.8,107241.0
2025-06-29T00:00:00.000000,107240.9,108460.0,107112.6,108448.3
2025-06-29T12:00:00.000000,108448.3,108499.0,107203.8,108309.8
2025-06-30T00:00:00.000000,108309.8,108783.9,107320.0,107608.1
2025-06-30T12:00:00.000000,107608.1,107821.8,106686.4,107087.4
2025-07-01T00:00:00.000000,107087.3,107499.9,106222.0,106556.8
2025-07-01T12:00:00.000000,106556.8,107140.7,105182.6,105637.9
2025-07-02T00:00:00.000000,105637.9,107799.9,105010.0,107439.6
2025-07-02T12:00:00.000000,107439.7,109690.4,107132.3,108800.0
2025-07-03T00:00:00.000000,108800.0,110265.1,108480.6,109551.0
2025-07-03T12:00:00.000000,109551.1,110484.0,108706.0,109545.2
2025-07-04T00:00:00.000000,109545.1,109732.3,108456.4,108842.3
2025-07-04T12:00:00.000000,108842.2,108929.3,107200.0,107935.4
2025-07-05T00:00:00.000000,107935.3,108368.1,107688.3,108059.1
2025-07-05T12:00:00.000000,108059.2,108194.4,107809.2,108153.4
2025-07-06T00:00:00.000000,108153.4,108211.0,107743.4,108017.3
2025-07-06T12:00:00.000000,108017.3,109684.7,107984.7,109145.8
2025-07-07T00:00:00.000000,109145.8,109667.3,108525.0,108599.9
2025-07-07T12:00:00.000000,108599.8,108612.2,107456.0,108203.9
2025-07-08T00:00:00.000000,108203.9,108964.1,107400.0,108713.1
2025-07-08T12:00:00.000000,108713.2,109180.0,108041.0,108873.1
2025-07-09T00:00:00.000000,108873.2,109107.4,108273.5,109008.3
2025-07-09T12:00:00.000000,109008.3,112036.8,108429.0,111199.9
2025-07-10T00:00:00.000000,111199.8,111548.3,110800.0,110972.2
2025-07-10T12:00:00.000000,110972.1,117500.0,110432.2,115979.2
2025-07-11T00:00:00.000000,115979.2,118882.8,115186.7,117790.1
2025-07-11T12:00:00.000000,117790.0,118226.0,116611.1,117500.0
2025-07-12T00:00:00.000000,117500.0,118176.9,117055.0,117773.6
2025-07-12T12:00:00.000000,117773.5,117819.8,116862.4,117389.3
2025-07-13T00:00:00.000000,117389.4,118058.3,117164.3,118036.1
2025-07-13T12:00:00.000000,118036.0,119655.0,117933.4,119038.3
2025-07-14T00:00:00.000000,119038.3,123300.0,118862.6,121474.5
2025-07-14T12:00:00.000000,121474.5,122113.9,119200.0,119816.5
2025-07-15T00:00:00.000000,119816.5,119919.4,116227.0,117110.4
2025-07-15T12:00:00.000000,117110.4,118499.8,115678.1,117738.5
2025-07-16T00:00:00.000000,117738.6,119299.9,117017.1,118755.1
2025-07-16T12:00:00.000000,118755.1,120100.0,118156.0,118590.7
2025-07-17T00:00:00.000000,118590.7,119216.4,117663.6,117968.9
2025-07-17T12:00:00.000000,117968.8,120951.5,117412.8,119176.6
2025-07-18T00:00:00.000000,119176.5,120846.1,118384.6,119175.5
2025-07-18T12:00:00.000000,119175.5,119519.8,116788.9,117896.4
2025-07-19T00:00:00.000000,117896.5,118456.0,117588.0,118300.0
2025-07-19T12:00:00.000000,118300.0,118301.4,117245.9,117814.4
2025-07-20T00:00:00.000000,117814.3,118261.6,117618.0,117869.2
2025-07-20T12:00:00.000000,117869.2,118856.6,116370.1,117216.0
2025-07-21T00:00:00.000000,117216.1,119720.6,116454.1,118045.0
2025-07-21T12:00:00.000000,118044.9,119200.0,116566.9,117330.2
2025-07-22T00:00:00.000000,117330.2,119199.9,115865.0,119142.2
2025-07-22T12:00:00.000000,119142.2,120300.1,117522.0,119993.7
2025-07-23T00:00:00.000000,119993.7,120146.5,117789.2,118484.8
2025-07-23T12:00:00.000000,118484.7,118725.3,117250.0,118713.5
2025-07-24T00:00:00.000000,118713.4,119265.4,117050.2,118558.0
2025-07-24T12:00:00.000000,118558.0,119469.9,117773.1,118294.3
2025-07-25T00:00:00.000000,118294.4,118410.8,114667.3,116504.6
2025-07-25T12:00:00.000000,116504.6,117615.3,114846.1,117583.5
2025-07-26T00:00:00.000000,117583.4,118229.7,117114.2,117758.0
2025-07-26T12:00:00.000000,117758.1,118300.0,117755.0,117889.2
2025-07-27T00:00:00.000000,117889.3,118432.1,117800.8,118053.4
2025-07-27T12:00:00.000000,118053.3,119766.0,117850.0,119423.4
2025-07-28T00:00:00.000000,119423.5,119812.0,118471.3,118813.3
2025-07-28T12:00:00.000000,118813.4,119085.0,117388.0,118041.4
2025-07-29T00:00:00.000000,118041.5,119258.7,117406.3,118560.0
2025-07-29T12:00:00.000000,118560.0,119050.0,116923.0,117897.0
2025-07-30T00:00:00.000000,117897.1,118451.3,117291.6,117526.7
2025-07-30T12:00:00.000000,117526.6,118763.5,115700.0,117771.0
2025-07-31T00:00:00.000000,117771.1,118910.0,117713.5,118330.9
2025-07-31T12:00:00.000000,118330.9,118850.0,115373.9,115697.3
2025-08-01T00:00:00.000000,115697.3,116000.0,114055.6,115246.6
2025-08-01T12:00:00.000000,115246.5,115956.0,112660.0,113244.8
2025-08-02T00:00:00.000000,113244.8,114000.0,113145.0,113732.5
2025-08-02T12:00:00.000000,113732.6,113740.5,111910.0,112508.8
2025-08-03T00:00:00.000000,112508.8,114200.0,111850.0,113810.1
2025-08-03T12:00:00.000000,113810.0,114730.0,113529.6,114150.8
2025-08-04T00:00:00.000000,114150.9,114963.4,114053.8,114450.0
2025-08-04T12:00:00.000000,114450.1,115686.0,114070.0,115002.1
2025-08-05T00:00:00.000000,115002.1,115073.3,113650.0,114782.0
2025-08-05T12:00:00.000000,114782.1,114860.1,112582.4,114069.6
2025-08-06T00:00:00.000000,114069.6,114390.2,113304.5,114188.0
2025-08-06T12:00:00.000000,114187.9,115674.2,113520.0,114941.0
2025-08-07T00:00:00.000000,114941.0,116782.6,114211.4,116469.1
2025-08-07T12:00:00.000000,116469.1,117580.0,115555.2,117419.9
2025-08-08T00:00:00.000000,117419.9,117591.8,116256.0,116840.5
2025-08-08T12:00:00.000000,116840.6,117229.9,115850.0,116628.2
2025-08-09T00:00:00.000000,116628.2,117906.7,116304.0,117064.9
2025-08-09T12:00:00.000000,117065.0,117200.0,116350.0,116422.1
2025-08-10T00:00:00.000000,116422.1,118738.0,116413.2,118295.9
2025-08-10T12:00:00.000000,118295.9,119291.9,118010.0,119255.3
2025-08-11T00:00:00.000000,119255.3,122450.0,118950.0,120545.0
2025-08-11T12:00:00.000000,120545.0,120799.0,118050.0,118641.9
2025-08-12T00:00:00.000000,118641.8,119246.4,118154.3,118464.1
2025-08-12T12:00:00.000000,118464.2,120270.0,118234.8,120081.0
2025-08-13T00:00:00.000000,120080.9,120710.4,118829.0,120538.5
2025-08-13T12:00:00.000000,120538.4,123715.9,120066.1,123323.9
2025-08-14T00:00:00.000000,123323.9,124545.6,120657.6,120947.9
2025-08-14T12:00:00.000000,120947.8,121154.7,117004.0,118242.2
2025-08-15T00:00:00.000000,118242.2,119184.0,117970.7,118950.0
2025-08-15T12:00:00.000000,118950.1,119068.8,116736.3,117279.2
2025-08-16T00:00:00.000000,117279.1,117857.1,117089.7,117340.4
2025-08-16T12:00:00.000000,117340.5,117786.0,117137.4,117329.7
2025-08-17T00:00:00.000000,117329.8,118435.0,117121.6,118253.9
2025-08-17T12:00:00.000000,118254.0,118558.0,117245.0,117353.8
2025-08-18T00:00:00.000000,117353.9,117499.4,114605.0,114900.0
2025-08-18T12:00:00.000000,114900.1,116938.7,114769.2,116183.6
2025-08-19T00:00:00.000000,116183.6,116687.7,114303.8,115461.0
2025-08-19T12:00:00.000000,115461.0,115847.4,112666.6,112824.2
2025-08-20T00:00:00.000000,112824.1,113978.0,112500.0,113627.5
2025-08-20T12:00:00.000000,113627.4,114569.0,112301.8,114220.5
2025-08-21T00:00:00.000000,114220.5,114777.0,112924.6,113100.2
2025-08-21T12:00:00.000000,113100.0,113936.0,111944.0,112462.2
2025-08-22T00:00:00.000000,112462.2,113485.9,112130.3,112272.8
2025-08-22T12:00:00.000000,112272.9,117397.4,111625.9,116897.5
2025-08-23T00:00:00.000000,116897.5,116988.0,115180.0,115266.7
2025-08-23T12:00:00.000000,115266.8,115450.0,114510.0,115377.1
2025-08-24T00:00:00.000000,115377.1,115640.0,114574.1,114702.0
2025-08-24T12:00:00.000000,114701.9,114914.8,110484.0,113446.3
2025-08-25T00:00:00.000000,113446.2,113621.3,110891.0,111183.7
2025-08-25T12:00:00.000000,111183.7,112897.7,109219.8,110064.0
2025-08-26T00:00:00.000000,110064.1,110508.5,108559.7,109842.2
2025-08-26T12:00:00.000000,109842.2,112330.0,109350.0,111709.9
2025-08-27T00:00:00.000000,111710.0,111765.6,110306.9,111270.8
2025-08-27T12:00:00.000000,111270.7,112568.5,110854.4,111194.9
2025-08-28T00:00:00.000000,111194.9,113318.2,110811.0,112876.5
2025-08-28T12:00:00.000000,112876.5,113429.0,111829.4,112507.3
2025-08-29T00:00:00.000000,112507.3,112585.7,109360.0,110047.8
2025-08-29T12:00:00.000000,110047.8,111489.5,107411.4,108332.4
2025-08-30T00:00:00.000000,108332.4,108742.9,107281.0,108638.6
2025-08-30T12:00:00.000000,108638.6,108879.6,108155.0,108757.9
2025-08-31T00:00:00.000000,108758.0,109439.9,108251.3,108350.0
2025-08-31T12:00:00.000000,108350.0,109196.5,108021.0,108208.4
2025-09-01T00:00:00.000000,108208.4,109874.8,107211.5,108721.9
2025-09-01T12:00:00.000000,108721.8,109479.2,107400.0,109187.9
2025-09-02T00:00:00.000000,109187.9,110700.0,108834.9,109698.6
2025-09-02T12:00:00.000000,109698.6,111742.1,108333.0,111188.0
2025-09-03T00:00:00.000000,111187.9,111732.9,110486.9,111391.6
2025-09-03T12:00:00.000000,111391.6,112541.2,110966.8,111659.8
2025-09-04T00:00:00.000000,111659.7,112136.8,110237.2,110763.9
2025-09-04T12:00:00.000000,110763.8,111743.8,109269.1,110679.4
2025-09-05T00:00:00.000000,110679.5,112949.0,110394.2,112299.6
2025-09-05T12:00:00.000000,112299.6,113344.3,110153.3,110614.9
2025-09-06T00:00:00.000000,110614.8,111256.2,110504.9,110732.9
2025-09-06T12:00:00.000000,110732.8,110956.5,109850.0,110135.3
2025-09-07T00:00:00.000000,110135.2,111348.0,110120.5,111249.5
2025-09-07T12:00:00.000000,111249.5,111559.5,110817.5,111076.0
2025-09-08T00:00:00.000000,111075.5,112144.0,110566.5,112022.0
2025-09-08T12:00:00.000000,112022.0,112867.6,111800.0,112012.6
2025-09-09T00:00:00.000000,112012.7,113238.0,111050.0,112397.4
2025-09-09T12:00:00.000000,112397.5,112900.0,110714.9,111499.9
2025-09-10T00:00:00.000000,111499.9,112832.0,110855.8,112266.4
2025-09-10T12:00:00.000000,112266.5,114287.9,112266.4,113896.8
2025-09-11T00:00:00.000000,113896.8,114433.2,113614.5,113960.9
2025-09-11T12:00:00.000000,113961.0,115439.0,113340.7,115427.0
2025-09-12T00:00:00.000000,115427.0,116280.0,114833.8,114863.0
2025-09-12T12:00:00.000000,114863.0,116605.7,114681.5,115978.4
2025-09-13T00:00:00.000000,115978.4,116245.4,115500.1,115912.9
2025-09-13T12:00:00.000000,115913.0,116013.7,115032.0,115862.7
2025-09-14T00:00:00.000000,115862.7,116118.6,115406.1,115750.0
2025-09-14T12:00:00.000000,115750.0,116050.0,115057.0,115210.0
2025-09-15T00:00:00.000000,115210.0,116759.9,114588.0,115009.0
2025-09-15T12:00:00.000000,115009.0,115550.0,114338.5,115300.6
2025-09-16T00:00:00.000000,115300.5,115968.0,114867.0,115222.2
2025-09-16T12:00:00.000000,115222.1,116910.8,114600.0,116747.3
2025-09-17T00:00:00.000000,116747.3,117266.4,116107.2,116200.1
2025-09-17T12:00:00.000000,116200.1,116940.0,114623.3,116402.5
2025-09-18T00:00:00.000000,116402.6,117865.9,116033.5,117015.0
2025-09-18T12:00:00.000000,117015.0,117875.2,116489.7,117017.1
2025-09-19T00:00:00.000000,117017.1,117406.8,116250.7,116343.1
2025-09-19T12:00:00.000000,116343.3,116488.0,115049.9,115569.5
2025-09-20T00:00:00.000000,115569.6,115933.4,115343.0,115834.9
2025-09-20T12:00:00.000000,115834.9,116059.2,115549.9,115624.9
2025-09-21T00:00:00.000000,115625.0,115778.0,115277.0,115559.3
2025-09-21T12:00:00.000000,115559.3,115703.9,115137.6,115183.9
2025-09-22T00:00:00.000000,115183.9,115344.6,111469.2,112814.1
2025-09-22T12:00:00.000000,112814.0,113413.5,111866.3,112604.7
2025-09-23T00:00:00.000000,112604.7,113236.0,111405.1,112938.6
2025-09-23T12:00:00.000000,112938.6,113254.8,111413.5,111947.0
2025-09-24T00:00:00.000000,111947.0,113121.8,110935.0,112982.0
2025-09-24T12:00:00.000000,112982.0,113895.8,112760.0,113254.0
2025-09-25T00:00:00.000000,113253.9,113462.1,111234.8,111316.1
2025-09-25T12:00:00.000000,111316.0,111682.6,108574.1,108934.5
2025-09-26T00:00:00.000000,108934.6,109766.0,108566.0,109082.9
2025-09-26T12:00:00.000000,109082.9,110250.0,108656.8,109588.5
2025-09-27T00:00:00.000000,109588.5,109700.0,109021.9,109265.8
2025-09-27T12:00:00.000000,109265.8,109653.2,109145.0,109577.3
2025-09-28T00:00:00.000000,109577.2,109749.9,109188.0,109319.9
2025-09-28T12:00:00.000000,109319.9,112300.0,109136.5,112119.6
2025-09-29T00:00:00.000000,112119.7,112381.3,111501.0,112052.0
2025-09-29T12:00:00.000000,112052.0,114377.2,111844.3,114257.1
2025-09-30T00:00:00.000000,114257.1,114800.0,112615.3,113003.7
2025-09-30T12:00:00.000000,113003.7,114720.0,112743.6,113988.8
2025-10-01T00:00:00.000000,113988.7,116750.0,113899.4,116736.8
2025-10-01T12:00:00.000000,116736.8,118631.8,116311.5,118552.4
2025-10-02T00:00:00.000000,118552.0,119457.0,118226.4,118716.0
2025-10-02T12:00:00.000000,118716.1,120999.0,118458.4,120481.3
2025-10-03T00:00:00.000000,120481.3,120505.5,119200.0,120307.2
2025-10-03T12:00:00.000000,120307.2,123900.0,119820.4,122182.7
2025-10-04T00:00:00.000000,122182.6,122781.1,121636.4,121924.6
2025-10-04T12:00:00.000000,121924.6,122480.9,121432.0,122343.2
2025-10-05T00:00:00.000000,122343.2,125877.3,122088.1,123413.2
2025-10-05T12:00:00.000000,123413.3,123453.5,122160.0,123426.7
2025-10-06T00:00:00.000000,123426.7,124500.0,123018.5,124161.2
2025-10-06T12:00:00.000000,124161.3,126208.5,124123.3,124628.5
2025-10-07T00:00:00.000000,124628.6,125047.0,123261.6,124397.2
2025-10-07T12:00:00.000000,124397.1,125098.0,120516.0,121286.5
2025-10-08T00:00:00.000000,121286.6,123150.0,121005.3,122825.7
2025-10-08T12:00:00.000000,122825.8,124170.6,121607.8,123237.5
2025-10-09T00:00:00.000000,123237.4,123279.7,121081.5,122672.9
2025-10-09T12:00:00.000000,122673.0,123740.1,119572.8,121579.3
2025-10-10T00:00:00.000000,121579.4,121835.5,120814.0,121493.2
2025-10-10T12:00:00.000000,121493.2,122497.0,101516.5,112714.9
2025-10-11T00:00:00.000000,112715.0,113300.1,110022.0,112224.6
2025-10-11T12:00:00.000000,112224.6,112466.2,109501.0,110579.1
2025-10-12T00:00:00.000000,110579.1,112110.0,109509.3,111783.8
2025-10-12T12:00:00.000000,111783.8,115730.3,111111.0,114894.4
2025-10-13T00:00:00.000000,114894.5,115912.0,113600.5,114129.3
2025-10-13T12:00:00.000000,114129.2,115827.6,113721.2,115111.9
2025-10-14T00:00:00.000000,115112.0,115360.2,109969.2,111241.4
2025-10-14T12:00:00.000000,111241.4,113557.9,109802.0,112983.8
2025-10-15T00:00:00.000000,112983.9,113576.1,111606.1,111841.0
2025-10-15T12:00:00.000000,111840.9,112183.4,110096.9,110699.0
2025-10-16T00:00:00.000000,110699.1,111827.5,109403.5,111363.9
2025-10-16T12:00:00.000000,111364.0,111960.0,107350.0,108129.4
2025-10-17T00:00:00.000000,108129.4,109199.8,103470.0,105610.5
2025-10-17T12:00:00.000000,105610.5,107505.0,104489.5,106378.6
2025-10-18T00:00:00.000000,106378.5,107452.6,106270.0,107151.0
2025-10-18T12:00:00.000000,107151.0,107298.7,106410.8,107117.5
2025-10-19T00:00:00.000000,107117.5,108214.8,106055.8,107730.6
2025-10-19T12:00:00.000000,107730.6,109399.9,107312.2,108586.2
2025-10-20T00:00:00.000000,108586.2,111650.0,107377.2,110969.5
2025-10-20T12:00:00.000000,110969.5,111649.0,109800.0,110469.9
2025-10-21T00:00:00.000000,110469.9,110486.3,107400.0,108519.4
2025-10-21T12:00:00.000000,108519.4,113940.0,107677.0,108253.7
2025-10-22T00:00:00.000000,108253.8,108649.4,106360.3,107501.7
2025-10-22T12:00:00.000000,107501.7,109160.0,106588.0,107532.0
2025-10-23T00:00:00.000000,107532.1,110275.9,107462.9,109218.5
2025-10-23T12:00:00.000000,109218.5,111240.0,108639.4,110025.9
2025-10-24T00:00:00.000000,110026.0,111498.8,109927.8,111006.7
2025-10-24T12:00:00.000000,111006.7,112086.0,109650.0,110965.4
2025-10-25T00:00:00.000000,110965.4,111789.4,110600.5,111522.7
2025-10-25T12:00:00.000000,111522.6,111903.9,111094.4,111589.4
2025-10-26T00:00:00.000000,111589.4,113442.5,111200.0,113235.2
2025-10-26T12:00:00.000000,113235.1,115521.7,112800.0,114497.8
2025-10-27T00:00:00.000000,114497.9,116380.2,114300.0,115302.3
2025-10-27T12:00:00.000000,115302.3,115744.8,113792.4,114064.1
2025-10-28T00:00:00.000000,114064.2,114619.2,113422.0,114290.7
2025-10-28T12:00:00.000000,114290.6,116074.3,112121.4,112833.5
2025-10-29T00:00:00.000000,112833.5,113581.7,112036.1,113084.5
2025-10-29T12:00:00.000000,113084.6,113593.0,109026.4,109985.6
2025-10-30T00:00:00.000000,109985.6,111565.1,107817.3,109666.0
2025-10-30T12:00:00.000000,109665.9,109736.3,106200.0,108263.5
2025-10-31T00:00:00.000000,108263.6,110500.0,108226.6,110375.7
2025-10-31T12:00:00.000000,110375.7,111233.0,108600.0,109557.3
2025-11-01T00:00:00.000000,109557.2,110557.0,109351.5,110096.2
2025-11-01T12:00:00.000000,110096.3,110487.0,109654.5,110047.2
2025-11-02T00:00:00.000000,110047.3,111193.5,109836.7,111145.4
2025-11-02T12:00:00.000000,111145.4,111216.0,109368.9,110494.9
2025-11-03T00:00:00.000000,110494.9,110711.0,106618.7,107737.4
2025-11-03T12:00:00.000000,107737.4,108280.0,105300.0,106544.0
2025-11-04T00:00:00.000000,106544.0,107271.9,103550.0,104530.7
2025-11-04T12:00:00.000000,104530.7,104800.0,98888.8,101450.3
2025-11-05T00:00:00.000000,101450.2,102326.4,98909.7,102019.4
2025-11-05T12:00:00.000000,102019.3,104497.6,101867.8,103837.0
2025-11-06T00:00:00.000000,103837.0,104210.2,102611.5,103182.6
2025-11-06T12:00:00.000000,103182.6,103585.0,100238.4,101305.6
2025-11-07T00:00:00.000000,101305.6,102480.4,99750.0,100369.1
2025-11-07T12:00:00.000000,100369.2,104070.7,99200.0,103305.2
2025-11-08T00:00:00.000000,103305.3,103373.8,101647.7,101805.6
2025-11-08T12:00:00.000000,101805.6,102443.9,101400.1,102269.3
2025-11-09T00:00:00.000000,102269.3,102294.9,101300.0,102198.2
2025-11-09T12:00:00.000000,102198.2,105440.0,102001.0,104670.6
2025-11-10T00:00:00.000000,104670.7,106666.0,104205.9,106136.6
2025-11-10T12:00:00.000000,106136.5,106566.7,104615.7,105966.3
2025-11-11T00:00:00.000000,105966.3,107473.7,104685.3,105256.2
2025-11-11T12:00:00.000000,105256.2,105459.8,102400.0,103005.8
2025-11-12T00:00:00.000000,103005.8,105162.6,102629.5,104979.9
2025-11-12T12:00:00.000000,104979.9,105297.0,100711.0,101605.8
2025-11-13T00:00:00.000000,101605.8,104024.6,100850.0,102900.0
2025-11-13T12:00:00.000000,102900.1,103456.0,97959.0,99654.3
2025-11-14T00:00:00.000000,99654.3,99862.8,95597.9,96134.6
2025-11-14T12:00:00.000000,96134.5,97377.6,93955.0,94544.9
2025-11-15T00:00:00.000000,94544.9,96800.0,94523.9,95657.3
2025-11-15T12:00:00.000000,95657.3,96439.6,95072.1,95560.3
2025-11-16T00:00:00.000000,95560.4,96600.0,94800.0,95588.0
2025-11-16T12:00:00.000000,95588.0,95870.0,92922.8,94221.7
2025-11-17T00:00:00.000000,94221.7,95980.1,93730.0,95530.1
2025-11-17T12:00:00.000000,95530.0,96012.2,91250.0,92169.7
2025-11-18T00:00:00.000000,92169.8,92335.4,89012.0,91473.6
2025-11-18T12:00:00.000000,91474.1,93799.1,90888.0,92916.9
2025-11-19T00:00:00.000000,92916.8,92944.8,89966.0,91372.4
2025-11-19T12:00:00.000000,91372.3,92348.2,88564.4,91508.9
2025-11-20T00:00:00.000000,91509.0,93150.0,91140.2,91892.6
2025-11-20T12:00:00.000000,91892.7,92498.6,86066.6,86601.3
2025-11-21T00:00:00.000000,86601.4,87465.4,81111.0,82279.1
2025-11-21T12:00:00.000000,82279.2,85548.4,80600.0,85093.5
2025-11-22T00:00:00.000000,85093.6,85599.9,83456.0,84066.2
2025-11-22T12:00:00.000000,84066.2,85238.3,83578.5,84689.4
2025-11-23T00:00:00.000000,84689.4,86826.8,84622.0,86290.3
2025-11-23T12:00:00.000000,86290.3,88100.0,86222.0,86807.7
2025-11-24T00:00:00.000000,86807.6,88049.5,85654.1,86232.5
2025-11-24T12:00:00.000000,86232.5,89177.3,85226.4,88247.1
2025-11-25T00:00:00.000000,88247.1,88477.6,86628.4,87311.9
2025-11-25T12:00:00.000000,87312.0,88115.0,86061.1,87324.1
2025-11-26T00:00:00.000000,87324.1,88200.0,86630.0,87049.2
2025-11-26T12:00:00.000000,87049.1,90655.4,86260.9,90438.1
2025-11-27T00:00:00.000000,90438.0,91931.9,90024.4,91334.9
2025-11-27T12:00:00.000000,91334.9,91800.0,90410.6,91292.2
2025-11-28T00:00:00.000000,91292.2,92000.0,90612.2,91382.9
2025-11-28T12:00:00.000000,91383.0,93080.0,90155.0,90847.8
2025-11-29T00:00:00.000000,90847.8,91078.4,90265.2,90633.7
2025-11-29T12:00:00.000000,90633.8,91130.0,90092.7,90765.0
2025-11-30T00:00:00.000000,90764.9,91580.0,90414.0,91000.9
2025-11-30T12:00:00.000000,91000.9,91934.4,90300.0,90320.6
2025-12-01T00:00:00.000000,90320.5,90396.9,85563.7,86100.1
2025-12-01T12:00:00.000000,86100.0,86817.0,83786.0,86241.6
2025-12-02T00:00:00.000000,86241.5,87640.0,86140.1,87326.9
2025-12-02T12:00:00.000000,87327.0,92273.2,87005.0,91249.1
2025-12-03T00:00:00.000000,91249.1,93932.7,90954.8,92957.7
2025-12-03T12:00:00.000000,92957.6,94185.0,91637.4,93376.7
2025-12-04T00:00:00.000000,93376.8,94040.0,92628.0,92894.9
2025-12-04T12:00:00.000000,92894.9,93256.3,90822.5,92034.7
2025-12-05T00:00:00.000000,92034.7,92665.5,90940.4,91307.9
2025-12-05T12:00:00.000000,91308.0,91445.2,87976.3,89288.5
2025-12-06T00:00:00.000000,89288.6,89758.0,88986.1,89585.4
2025-12-06T12:00:00.000000,89585.4,90257.3,88870.1,89197.1
2025-12-07T00:00:00.000000,89197.1,89750.0,89012.9,89109.4
2025-12-07T12:00:00.000000,89109.3,91722.0,87688.0,90345.4
2025-12-08T00:00:00.000000,90345.4,92262.6,89806.4,91923.5
2025-12-08T12:00:00.000000,91923.6,92106.4,89553.8,90610.8
2025-12-09T00:00:00.000000,90610.8,90810.8,89368.9,90341.9
2025-12-09T12:00:00.000000,90342.0,94555.0,89953.0,92638.4
2025-12-10T00:00:00.000000,92638.3,93278.9,91721.0,92085.5
2025-12-10T12:00:00.000000,92085.4,94443.7,91520.0,91977.5
2025-12-11T00:00:00.000000,91977.5,92046.3,89321.0,90195.3
2025-12-11T12:00:00.000000,90195.3,93547.3,89200.0,92477.5
2025-12-12T00:00:00.000000,92477.6,92719.0,91400.0,92381.5
2025-12-12T12:00:00.000000,92381.4,92630.0,89429.0,90229.6
2025-12-13T00:00:00.000000,90229.7,90599.0,90077.0,90298.4
2025-12-13T12:00:00.000000,90298.5,90441.9,89711.9,90191.3
2025-12-14T00:00:00.000000,90191.3,90440.0,88412.8,89308.2
2025-12-14T12:00:00.000000,89308.3,89630.8,87504.3,88118.8
2025-12-15T00:00:00.000000,88118.8,89972.4,88025.3,89606.0
2025-12-15T12:00:00.000000,89606.0,89845.0,85073.0,86389.9
2025-12-16T00:00:00.000000,86390.0,87299.7,85226.0,87216.6
2025-12-16T12:00:00.000000,87216.6,88143.9,86055.9,87826.3
2025-12-17T00:00:00.000000,87826.3,87925.8,86158.4,86939.3
2025-12-17T12:00:00.000000,86939.2,90363.2,85261.3,86201.6
2025-12-18T00:00:00.000000,86201.6,87417.6,85820.6,87268.1
2025-12-18T12:00:00.000000,87257.0,89447.9,84408.6,85469.7
2025-12-19T00:00:00.000000,85469.8,88366.0,85062.7,88169.9
2025-12-19T12:00:00.000000,88170.0,89374.6,86795.5,88100.0
2025-12-20T00:00:00.000000,88100.0,88551.8,87926.7,88243.6
2025-12-20T12:00:00.000000,88243.6,88434.9,87698.5,88320.8
2025-12-21T00:00:00.000000,88320.7,89050.0,87821.1,88570.6
2025-12-21T12:00:00.000000,88570.7,88885.9,87548.5,88621.3
2025-12-22T00:00:00.000000,88621.3,90085.0,87845.0,89905.2
2025-12-22T12:00:00.000000,89905.2,90599.0,87872.6,88581.5
2025-12-23T00:00:00.000000,88581.5,88904.9,86976.6,87813.9
2025-12-23T12:00:00.000000,87813.8,88349.2,86536.0,87463.0
2025-12-24T00:00:00.000000,87463.1,87849.9,86671.7,87162.6
2025-12-24T12:00:00.000000,87162.6,88033.3,86355.0,87627.3
2025-12-25T00:00:00.000000,87627.4,87933.5,87219.0,87485.2
2025-12-25T12:00:00.000000,87485.2,88594.0,86902.1,87182.8
2025-12-26T00:00:00.000000,87182.8,89557.6,86824.8,88507.5
2025-12-26T12:00:00.000000,88507.6,89037.0,86619.9,87318.2
2025-12-27T00:00:00.000000,87318.3,87669.7,87203.0,87433.6
2025-12-27T12:00:00.000000,87433.6,87956.9,87264.8,87829.4
2025-12-28T00:00:00.000000,87829.5,87980.9,87566.0,87850.8
2025-12-28T12:00:00.000000,87850.9,88078.3,87402.6,87920.5
2025-12-29T00:00:00.000000,87920.4,90373.4,87520.1,87529.0
2025-12-29T12:00:00.000000,87529.1,88150.0,86760.0,87203.3
2025-12-30T00:00:00.000000,87203.2,88190.6,86789.0,87875.2
2025-12-30T12:00:00.000000,87875.3,89355.0,87788.2,88455.3
2025-12-31T00:00:00.000000,88455.2,89000.0,88134.9,88967.6
2025-12-31T12:00:00.000000,88967.6,89192.8,87189.2,87608.2
2026-01-01T00:00:00.000000,87608.3,88065.0,87508.4,87980.1
2026-01-01T12:00:00.000000,87980.1,88881.4,87758.4,88800.0
2026-01-02T00:00:00.000000,88800.0,89900.0,88324.4,89458.3
2026-01-02T12:00:00.000000,89458.3,90945.1,88401.2,89951.4
2026-01-03T00:00:00.000000,89951.5,90456.0,89261.2,89706.4
2026-01-03T12:00:00.000000,89706.4,90716.9,89620.0,90595.8
2026-01-04T00:00:00.000000,90595.8,91779.7,90595.7,91262.7
2026-01-04T12:00:00.000000,91262.8,91567.0,90790.1,91497.1
2026-01-05T00:00:00.000000,91497.2,93382.5,91476.5,93093.3
2026-01-05T12:00:00.000000,93093.3,94760.3,92370.9,93822.4
2026-01-06T00:00:00.000000,93822.3,94125.1,93088.0,93799.9
2026-01-06T12:00:00.000000,93800.0,94415.4,91209.0,93708.0
2026-01-07T00:00:00.000000,93708.1,93708.1,91549.9,92041.9
2026-01-07T12:00:00.000000,92041.8,92249.3,90634.1,91328.0
2026-01-08T00:00:00.000000,91328.1,91666.0,89588.1,90192.3
2026-01-08T12:00:00.000000,90192.2,91449.9,89242.0,91059.8
2026-01-09T00:00:00.000000,91059.8,91600.0,89632.8,90398.1
2026-01-09T12:00:00.000000,90398.1,91999.0,89800.0,90603.6
2026-01-10T00:00:00.000000,90603.7,90800.0,90351.6,90692.8
2026-01-10T12:00:00.000000,90692.9,90758.7,90358.5,90469.6
2026-01-11T00:00:00.000000,90469.7,90818.0,90410.6,90707.3
2026-01-11T12:00:00.000000,90707.2,91252.5,90175.3,90964.4
2026-01-12T00:00:00.000000,90964.4,92488.0,90319.4,90573.9
2026-01-12T12:00:00.000000,90573.9,92299.0,90066.0,91252.6
2026-01-13T00:00:00.000000,91252.5,92676.6,91011.0,91962.1
2026-01-13T12:00:00.000000,91962.1,96863.7,91700.6,95375.2
2026-01-14T00:00:00.000000,95375.2,95755.0,94413.4,94763.6
2026-01-14T12:00:00.000000,94763.7,97932.1,94643.0,96907.9
2026-01-15T00:00:00.000000,96908.0,97155.0,95733.1,96548.9
2026-01-15T12:00:00.000000,96548.9,97100.0,95080.0,95567.3
2026-01-16T00:00:00.000000,95567.4,95825.0,95111.1,95382.6
2026-01-16T12:00:00.000000,95382.5,95763.0,94234.5,95503.7
2026-01-17T00:00:00.000000,95503.8,95536.9,94977.5,95283.9
2026-01-17T12:00:00.000000,95283.8,95621.9,95000.0,95107.9
2026-01-18T00:00:00.000000,95107.9,95257.4,94819.5,95133.4
2026-01-18T12:00:00.000000,95133.3,95490.0,93550.3,93614.0
2026-01-19T00:00:00.000000,93614.0,93614.1,91800.0,93136.7
2026-01-19T12:00:00.000000,93136.8,93379.0,92116.0,92589.6
2026-01-20T00:00:00.000000,92589.6,92845.0,90622.2,91185.8
2026-01-20T12:00:00.000000,91185.8,91344.8,87787.2,88390.6
2026-01-21T00:00:00.000000,88390.7,90088.0,88218.2,88757.1
2026-01-21T12:00:00.000000,88757.0,90599.5,87205.5,89411.4
2026-01-22T00:00:00.000000,89411.4,90327.7,89411.3,89909.6
2026-01-22T12:00:00.000000,89909.7,90309.5,88465.6,89518.5
2026-01-23T00:00:00.000000,89518.4,90050.0,88823.3,89171.2
2026-01-23T12:00:00.000000,89171.3,91195.0,88530.0,89558.7
2026-01-24T00:00:00.000000,89558.7,89893.9,89383.5,89548.5
2026-01-24T12:00:00.000000,89548.5,89554.9,89116.9,89180.7
2026-01-25T00:00:00.000000,89180.7,89281.6,88084.0,88531.0
2026-01-25T12:00:00.000000,88530.9,88947.1,86021.7,86628.9
2026-01-26T00:00:00.000000,86628.9,88367.5,86463.2,87810.0
2026-01-26T12:00:00.000000,87810.1,88834.1,86960.0,88300.6
2026-01-27T00:00:00.000000,88300.6,88983.3,87707.1,87947.5
2026-01-27T12:00:00.000000,87947.4,89499.0,87265.4,89197.8
2026-01-28T00:00:00.000000,89197.8,90122.0,88786.0,90036.9
2026-01-28T12:00:00.000000,90036.9,90592.7,88829.0,89261.7
2026-01-29T00:00:00.000000,89261.7,89316.8,87650.1,87795.2
2026-01-29T12:00:00.000000,87795.1,88133.2,83338.3,84604.7
2026-01-30T00:00:00.000000,84604.7,84697.2,81000.0,83104.8
2026-01-30T12:00:00.000000,83104.7,84599.0,81832.0,84211.4
2026-01-31T00:00:00.000000,84211.4,84239.5,82530.2,82983.2
2026-01-31T12:00:00.000000,82983.2,83115.3,75500.0,78706.8
2026-02-01T00:00:00.000000,78706.7,79396.8,77899.9,78712.1
2026-02-01T12:00:00.000000,78712.1,78732.0,75644.0,76931.5
2026-02-02T00:00:00.000000,76931.6,78111.0,74555.0,77716.1
2026-02-02T12:00:00.000000,77716.0,79311.0,77515.6,78692.5
2026-02-03T00:00:00.000000,78692.5,79163.0,77566.5,78040.1
2026-02-03T12:00:00.000000,78040.1,78425.8,72889.2,75732.4
2026-02-04T00:00:00.000000,75732.4,76952.5,75420.0,75987.6
2026-02-04T12:00:00.000000,75987.6,76245.5,71838.0,73137.4
2026-02-05T00:00:00.000000,73137.5,73316.3,69862.0,70279.0
2026-02-05T12:00:00.000000,70279.1,70848.6,62233.3,62868.1
2026-02-06T00:00:00.000000,62868.1,66783.0,59800.0,66586.1
2026-02-06T12:00:00.000000,66586.1,71714.4,66072.0,70544.5
2026-02-07T00:00:00.000000,70544.5,71690.0,67250.0,67935.1
2026-02-07T12:00:00.000000,67935.0,70000.0,67870.2,69254.2
2026-02-08T00:00:00.000000,69254.3,71199.9,68843.7,70954.0
2026-02-08T12:00:00.000000,70954.0,72300.0,69913.3,70288.1
2026-02-09T00:00:00.000000,70288.2,71434.9,68373.9,68899.9
2026-02-09T12:00:00.000000,68900.0,71085.0,68271.7,70110.5
2026-02-10T00:00:00.000000,70110.6,70499.9,68406.4,68489.9
2026-02-10T12:00:00.000000,68489.9,69957.9,67883.0,68805.3
2026-02-11T00:00:00.000000,68805.3,69262.7,66342.6,67023.0
2026-02-11T12:00:00.000000,67022.9,68821.1,65718.5,67054.4
2026-02-12T00:00:00.000000,67054.8,68265.5,66640.0,68031.8
2026-02-12T12:00:00.000000,68031.8,68385.0,65081.0,66243.1
2026-02-13T00:00:00.000000,66243.2,67196.8,65833.9,67137.8
2026-02-13T12:00:00.000000,67137.8,69473.7,66823.6,68821.5
2026-02-14T00:00:00.000000,68821.5,70557.7,68689.1,70464.8
2026-02-14T12:00:00.000000,70464.8,70499.4,69163.7,69795.4
2026-02-15T00:00:00.000000,69795.4,70938.5,69212.2,70268.7
2026-02-15T12:00:00.000000,70268.6,70391.0,68029.6,68796.9
2026-02-16T00:00:00.000000,68796.9,69033.6,68112.2,68769.4
2026-02-16T12:00:00.000000,68769.4,70110.9,67250.0,68862.5
2026-02-17T00:00:00.000000,68862.6,69228.6,67655.0,67824.4
2026-02-17T12:00:00.000000,67824.3,68350.0,66588.0,67475.9
2026-02-18T00:00:00.000000,67475.9,68438.0,66850.1,67345.4
2026-02-18T12:00:00.000000,67345.4,68336.0,65826.1,66422.8
2026-02-19T00:00:00.000000,66422.8,67299.4,66301.8,66468.9
2026-02-19T12:00:00.000000,66468.8,67174.0,65595.7,66974.0
2026-02-20T00:00:00.000000,66973.9,68283.7,66912.4,67290.5
2026-02-20T12:00:00.000000,67290.4,68220.0,66408.1,67979.3
2026-02-21T00:00:00.000000,67979.3,68280.0,67488.9,68060.9
2026-02-21T12:00:00.000000,68061.0,68687.0,67860.0,67933.1
2026-02-22T00:00:00.000000,67933.2,68220.0,67763.7,68183.4
2026-02-22T12:00:00.000000,68183.4,68205.1,67150.0,67613.5
2026-02-23T00:00:00.000000,67613.6,67655.8,64232.8,66170.8
2026-02-23T12:00:00.000000,66170.8,66490.0,63860.0,64625.8
2026-02-24T00:00:00.000000,64625.8,64980.0,62655.0,63192.2
2026-02-24T12:00:00.000000,63192.1,64719.1,62401.7,64031.3
2026-02-25T00:00:00.000000,64031.4,66283.1,63876.0,65396.7
2026-02-25T12:00:00.000000,65396.6,69999.0,65280.1,67952.5
2026-02-26T00:00:00.000000,67952.5,68850.0,67690.1,68025.2
2026-02-26T12:00:00.000000,68025.2,68270.9,66462.0,67448.2
2026-02-27T00:00:00.000000,67448.1,68188.8,65923.0,66094.1
2026-02-27T12:00:00.000000,66094.0,66320.0,64875.6,65836.0
2026-02-28T00:00:00.000000,65836.0,65994.7,62979.5,63810.4
2026-02-28T12:00:00.000000,63810.4,67735.0,63782.2,66937.1
2026-03-01T00:00:00.000000,66937.0,68189.0,65812.0,66439.0
2026-03-01T12:00:00.000000,66439.0,67333.0,65011.0,65750.0
2026-03-02T00:00:00.000000,65749.9,67082.5,65509.0,66329.9
2026-03-02T12:00:00.000000,66329.8,70100.0,65234.4,68801.8
2026-03-03T00:00:00.000000,68801.8,69221.6,66270.7,67000.0
2026-03-03T12:00:00.000000,67000.0,68972.9,66080.0,68295.3
2026-03-04T00:00:00.000000,68295.2,71887.9,67350.0,71082.4
2026-03-04T12:00:00.000000,71082.3,74046.5,70559.7,72641.4
2026-03-05T00:00:00.000000,72641.4,73539.1,71716.3,72879.9
2026-03-05T12:00:00.000000,72880.0,73032.0,70612.8,70854.8
2026-03-06T00:00:00.000000,70854.8,71387.5,70100.0,70185.6
2026-03-06T12:00:00.000000,70185.6,70328.5,67712.3,68083.0
2026-03-07T00:00:00.000000,68083.0,68524.9,67411.0,67975.9
2026-03-07T12:00:00.000000,67976.0,68061.1,66850.1,67232.1
2026-03-08T00:00:00.000000,67232.1,68171.6,66508.0,67490.0
2026-03-08T12:00:00.000000,67490.1,67623.0,65569.2,65934.3
2026-03-09T00:00:00.000000,65934.3,68441.5,65770.5,67723.3
2026-03-09T12:00:00.000000,67723.3,69498.0,67714.2,68394.1
2026-03-10T00:00:00.000000,68394.0,71272.4,68345.0,70570.1
2026-03-10T12:00:00.000000,70570.1,71748.1,69184.8,69901.9
2026-03-11T00:00:00.000000,69901.8,70249.1,69098.0,69144.0
2026-03-11T12:00:00.000000,69144.0,71286.0,68932.9,70150.0
2026-03-12T00:00:00.000000,70150.0,70756.5,69150.0,70388.5
2026-03-12T12:00:00.000000,70388.6,70727.9,69303.8,70480.1
2026-03-13T00:00:00.000000,70480.1,72547.0,70342.7,72189.9
2026-03-13T12:00:00.000000,72189.8,73870.0,70510.8,70895.5
2026-03-14T00:00:00.000000,70895.5,71272.3,70256.0,70705.0
2026-03-14T12:00:00.000000,70705.0,71221.9,70444.1,71174.4
2026-03-15T00:00:00.000000,71174.4,71897.9,70815.7,71800.0
2026-03-15T12:00:00.000000,71800.1,73199.9,71220.1,72778.9
2026-03-16T00:00:00.000000,72778.8,74444.0,72235.6,73515.3
2026-03-16T12:00:00.000000,73515.3,74880.0,72926.4,74846.4
2026-03-17T00:00:00.000000,74846.4,75998.9,73512.0,73997.1
2026-03-17T12:00:00.000000,73997.1,74856.2,73330.3,73872.4
2026-03-18T00:00:00.000000,73872.3,74633.0,72731.6,72906.4
2026-03-18T12:00:00.000000,72906.4,72947.4,70456.0,71202.9
2026-03-19T00:00:00.000000,71202.9,71598.3,69421.1,69926.8
2026-03-19T12:00:00.000000,69926.8,70655.2,68750.0,69887.4
2026-03-20T00:00:00.000000,69887.4,71342.2,69801.3,70439.9
2026-03-20T12:00:00.000000,70440.0,70888.0,69350.0,70472.7
2026-03-21T00:00:00.000000,70472.6,70849.2,70403.2,70618.3
2026-03-21T12:00:00.000000,70618.2,71077.7,68511.3,68881.5
2026-03-22T00:00:00.000000,68881.5,69555.8,68030.0,68177.0
2026-03-22T12:00:00.000000,68177.0,69000.0,67300.0,67830.6
2026-03-23T00:00:00.000000,67830.7,71468.0,67400.1,70097.3
2026-03-23T12:00:00.000000,70097.2,71789.8,69644.0,70865.9
2026-03-24T00:00:00.000000,70866.0,71377.5,70075.5,71116.4
2026-03-24T12:00:00.000000,71116.4,71144.0,68884.5,70523.9
2026-03-25T00:00:00.000000,70524.0,71999.9,70375.0,71650.3
2026-03-25T12:00:00.000000,71650.3,71933.3,70531.4,71297.5
2026-03-26T00:00:00.000000,71297.5,71408.1,69127.2,69239.3
2026-03-26T12:00:00.000000,69239.3,69872.2,68115.8,68788.0
2026-03-27T00:00:00.000000,68788.1,69142.7,66175.4,66663.2
2026-03-27T12:00:00.000000,66663.3,66742.2,65501.0,66364.2
2026-03-28T00:00:00.000000,66364.1,66533.9,65888.0,66288.5
2026-03-28T12:00:00.000000,66288.4,67284.0,66191.7,66334.8
2026-03-29T00:00:00.000000,66334.8,67100.0,66235.6,66780.8
2026-03-29T12:00:00.000000,66780.8,66849.0,64918.2,65977.9
2026-03-30T00:00:00.000000,65978.0,67998.0,65754.2,67651.5
2026-03-30T12:00:00.000000,67651.5,68148.4,66200.1,66764.4
2026-03-31T00:00:00.000000,66764.4,68377.0,65938.0,66652.4
2026-03-31T12:00:00.000000,66652.4,68600.0,66374.4,68241.5
2026-04-01T00:00:00.000000,68241.4,69288.0,67534.9,68669.9
2026-04-01T12:00:00.000000,68670.0,69142.6,67883.7,68086.5
2026-04-02T00:00:00.000000,68086.4,68639.1,66065.1,66180.6
2026-04-02T12:00:00.000000,66180.6,67400.0,65676.1,66868.5
2026-04-03T00:00:00.000000,66868.6,67258.0,66240.0,66983.4
2026-04-03T12:00:00.000000,66983.5,67350.0,66478.5,66930.0
2026-04-04T00:00:00.000000,66930.0,67223.8,66745.5,67128.9
2026-04-04T12:00:00.000000,67128.9,67554.5,67003.7,67271.0
2026-04-05T00:00:00.000000,67271.1,67279.2,66575.5,66972.7
2026-04-05T12:00:00.000000,66972.7,69108.0,66650.0,68997.9
2026-04-06T00:00:00.000000,68997.9,70252.9,68740.2,69583.6
2026-04-06T12:00:00.000000,69583.5,70332.5,68227.5,68817.9
2026-04-07T00:00:00.000000,68817.9,69219.0,68033.0,68310.8
2026-04-07T12:00:00.000000,68310.7,72743.4,67711.0,71890.2
2026-04-08T00:00:00.000000,71890.2,72086.4,71186.0,71650.2
2026-04-08T12:00:00.000000,71650.2,72858.5,70671.6,71038.1
2026-04-09T00:00:00.000000,71038.2,71533.0,70428.0,71109.9
2026-04-09T12:00:00.000000,71109.9,73128.0,70470.2,71750.4
2026-04-10T00:00:00.000000,71750.4,72350.0,71382.1,72092.7
2026-04-10T12:00:00.000000,72092.8,73450.0,71868.5,72917.4
2026-04-11T00:00:00.000000,72917.4,73066.2,72566.4,72868.2
2026-04-11T12:00:00.000000,72868.2,73773.4,72451.9,73013.4
2026-04-12T00:00:00.000000,73013.4,73094.4,71259.0,71435.0
2026-04-12T12:00:00.000000,71435.0,71478.0,70458.2,70711.1
2026-04-13T00:00:00.000000,70711.2,71245.0,70517.3,70883.9
2026-04-13T12:00:00.000000,70883.9,74870.0,70722.3,74385.0
2026-04-14T00:00:00.000000,74384.9,74900.0,73946.9,74342.4
2026-04-14T12:00:00.000000,74342.4,76009.0,73766.8,74106.9
2026-04-15T00:00:00.000000,74106.9,74739.2,73449.0,74155.1
2026-04-15T12:00:00.000000,74155.0,75425.6,73540.0,74776.2
2026-04-16T00:00:00.000000,74776.3,75232.7,74226.2,74528.4
2026-04-16T12:00:00.000000,74528.4,75500.0,73256.8,75106.8
2026-04-17T00:00:00.000000,75106.8,76350.0,74480.0,75542.2
2026-04-17T12:00:00.000000,75542.1,78300.0,75481.8,77030.6
2026-04-18T00:00:00.000000,77030.6,77380.0,75710.6,76002.0
2026-04-18T12:00:00.000000,76002.0,76342.7,75395.9,75653.8
2026-04-19T00:00:00.000000,75653.8,75804.0,74824.3,75557.4
2026-04-19T12:00:00.000000,75557.5,76200.0,73700.2,73758.4
2026-04-20T00:00:00.000000,73758.4,75539.3,73669.0,75148.7
2026-04-20T12:00:00.000000,75148.8,76531.0,74639.5,75790.1
2026-04-21T00:00:00.000000,75790.1,76999.0,75433.1,76408.3
2026-04-21T12:00:00.000000,76408.3,76574.3,74777.9,76288.2
2026-04-22T00:00:00.000000,76288.3,78447.5,76078.6,78263.2
2026-04-22T12:00:00.000000,78263.2,79444.0,78060.0,78139.8
2026-04-23T00:00:00.000000,78139.7,78534.9,76504.6,77649.9
2026-04-23T12:00:00.000000,77650.0,78648.0,76900.1,78216.8
2026-04-24T00:00:00.000000,78217.4,78546.0,77355.8,78194.8
2026-04-24T12:00:00.000000,78194.9,78432.9,77206.8,77395.4
2026-04-25T00:00:00.000000,77395.3,77847.0,77254.7,77638.7
2026-04-25T12:00:00.000000,77638.7,77719.1,77100.0,77585.0
2026-04-26T00:00:00.000000,77585.0,78182.8,77280.0,78050.0
2026-04-26T12:00:00.000000,78050.0,78994.8,77715.0,78613.5
2026-04-27T00:00:00.000000,78614.4,79455.0,77408.6,77804.3
2026-04-27T12:00:00.000000,77804.3,78232.0,76400.0,77331.2
2026-04-28T00:00:00.000000,77331.2,77450.0,76088.0,76198.8
2026-04-28T12:00:00.000000,76198.9,76448.0,75635.6,76298.1
2026-04-29T00:00:00.000000,76298.2,77873.2,76138.7,77552.5
2026-04-29T12:00:00.000000,77552.5,77563.6,74868.0,75749.9
2026-04-30T00:00:00.000000,75749.9,76445.0,75273.5,76032.9
2026-04-30T12:00:00.000000,76032.9,76630.3,76009.8,76305.4
2026-05-01T00:00:00.000000,76305.4,77588.4,76265.4,77429.5
2026-05-01T12:00:00.000000,77429.6,78879.9,77368.2,78192.0
2026-05-02T00:00:00.000000,78191.9,78503.9,77979.3,78105.7
2026-05-02T12:00:00.000000,78105.7,79145.0,78056.0,78652.9
2026-05-03T00:00:00.000000,78652.8,78814.7,78027.0,78620.5
2026-05-03T12:00:00.000000,78620.6,79428.9,78440.0,78529.0
2026-05-04T00:00:00.000000,78529.0,80590.2,78128.3,78753.5
2026-05-04T12:00:00.000000,78753.5,80771.7,78450.0,79826.1
2026-05-05T00:00:00.000000,79826.1,81278.2,79761.2,80973.0
2026-05-05T12:00:00.000000,80973.1,81745.4,80716.8,80861.9
